i;x;y(x);z(x)
0;'0.0;'0.3;'-5.4
1;'0.005;'0.2634724393828125;'-5.269453620765625
2;'0.01;'0.22883555181346452;'-5.141779137010995
3;'0.015;'0.19601032755444076;'-5.016923919467554
4;'0.02;'0.16492073165702734;'-4.894835872823742
5;'0.025;'0.1354935989817686;'-4.775463451397156
6;'0.030000000000000002;'0.10765853275614977;'-4.658755673400625
7;'0.035;'0.08134780655458082;'-4.544662133871259
8;'0.04;'0.05649626958937774;'-4.433133016328743
9;'0.045;'0.033041255204946426;'-4.324119103226409
10;'0.049999999999999996;'0.01092249247077666;'-4.217571785256007
11;'0.05499999999999999;'-0.00991797922784925;'-4.113443069564568
12;'0.05999999999999999;'-0.02953589269933203;'-4.011685586939351
13;'0.06499999999999999;'-0.0479848326502164;'-3.9122525980145166
14;'0.06999999999999999;'-0.06531631267643583;'-3.8150979985509097
15;'0.075;'-0.08157984963022939;'-3.720176323838212
16;'0.08;'-0.09682303544879836;'-3.6274427522666035
17;'0.085;'-0.11109160652803679;'-3.5368531081131005
18;'0.09000000000000001;'-0.12442951072202121;'-3.448363863585799
19;'0.09500000000000001;'-0.13687897204637703;'-3.3619321401674043
20;'0.10000000000000002;'-0.1484805531611515;'-3.2775157092976492
21;'0.10500000000000002;'-0.15927321570641226;'-3.1950729924324857
22;'0.11000000000000003;'-0.16929437856145388;'-3.114563060516292
23;'0.11500000000000003;'-0.17857997409623116;'-3.0359456329017536
24;'0.12000000000000004;'-0.18716450248144456;'-2.9591810757505503
25;'0.12500000000000003;'-0.19508108412157704;'-2.8842303999465226
26;'0.13000000000000003;'-0.20236151027312288;'-2.8110552585515793
27;'0.13500000000000004;'-0.2090362919082531;'-2.7396179438332626
28;'0.14000000000000004;'-0.21513470688222902;'-2.6698813838915805
29;'0.14500000000000005;'-0.22068484546100264;'-2.601809138911474
30;'0.15000000000000005;'-0.22571365426362752;'-2.535365397066082
31;'0.15500000000000005;'-0.23024697867234636;'-2.4705149700948197
32;'0.16000000000000006;'-0.23430960376151796;'-2.4072232885791793
33;'0.16500000000000006;'-0.23792529379489652;'-2.3454563969380904
34;'0.17000000000000007;'-0.24111683033917855;'-2.285180948163674
35;'0.17500000000000007;'-0.2439060490401836;'-2.226364198317225
36;'0.18000000000000008;'-0.2463138751065363;'-2.168974000804337
37;'0.18500000000000008;'-0.24836035754426428;'-2.11297880044716
38;'0.19000000000000009;'-0.2500647021843194;'-2.0583476273709356
39;'0.1950000000000001;'-0.2514453035436676;'-2.0050500907211086
40;'0.2000000000000001;'-0.252519775559272;'-1.9530563722265244
41;'0.2050000000000001;'-0.2533049812330164;'-1.9023372196234498
42;'0.2100000000000001;'-0.25381706122437836;'-1.8528639399544322
43;'0.2150000000000001;'-0.2540714614264606;'-1.8046083927552954
44;'0.2200000000000001;'-0.254082959559831;'-1.7575429831429072
45;'0.22500000000000012;'-0.25386569081749444;'-1.7116406548157
46;'0.23000000000000012;'-0.2534331725932325;'-1.6668748829783095
47;'0.23500000000000013;'-0.25279832832449217;'-1.6232196672011043
48;'0.24000000000000013;'-0.251973510479984;'-1.5806495242248044
49;'0.24500000000000013;'-0.25097052272116077;'-1.5391394807198493
50;'0.2500000000000001;'-0.24980064126579177;'-1.4986650660096492
51;'0.2550000000000001;'-0.24847463548092008;'-1.4592023047663567
52;'0.2600000000000001;'-0.24700278773159323;'-1.4207277096873137
53;'0.2650000000000001;'-0.24539491251088882;'-1.3832182741598762
54;'0.27000000000000013;'-0.24366037487591588;'-1.346651464921878
55;'0.27500000000000013;'-0.241808108213658;'-1.3110052147245748
56;'0.28000000000000014;'-0.23984663135973666;'-1.276257915004514
57;'0.28500000000000014;'-0.2377840650924094;'-1.2423884085703847
58;'0.29000000000000015;'-0.2356281480233795;'-1.2093759823105454
59;'0.29500000000000015;'-0.23338625190627837;'-1.1772003599265684
60;'0.30000000000000016;'-0.23106539638298992;'-1.1458416946978103
61;'0.30500000000000016;'-0.22867226318731632;'-1.1152805622816986
62;'0.31000000000000016;'-0.22621320982483598;'-1.0854979535541145
63;'0.31500000000000017;'-0.22369428274717737;'-1.0564752674939684
64;'0.3200000000000002;'-0.2211212300383244;'-1.0281943041157786
65;'0.3250000000000002;'-0.21849951362998193;'-1.0006372574538043
66;'0.3300000000000002;'-0.21583432106246045;'-0.973786708601029
67;'0.3350000000000002;'-0.21313057680698885;'-0.9476256188060479
68;'0.3400000000000002;'-0.2103929531648315;'-0.9221373226306857
69;'0.3450000000000002;'-0.20762588075807006;'-0.8973055211709496
70;'0.3500000000000002;'-0.20483355862641173;'-0.8731142753437161
71;'0.3550000000000002;'-0.20201996394390306;'-0.8495479992413488
72;'0.3600000000000002;'-0.19918886136896144;'-0.8265914535562587
73;'0.3650000000000002;'-0.19634381204068407;'-0.8042297390772349
74;'0.3700000000000002;'-0.1934881822339578;'-0.7824482902592063
75;'0.3750000000000002;'-0.19062515168546948;'-0.7612328688679295
76;'0.3800000000000002;'-0.18775772160230766;'-0.7405695577009462
77;'0.38500000000000023;'-0.18488872236445072;'-0.720444754386003
78;'0.39000000000000024;'-0.18202082093205307;'-0.7008451652579926
79;'0.39500000000000024;'-0.17915652796807113;'-0.6817577993153388
80;'0.40000000000000024;'-0.1762982046864122;'-0.6631699622566248
81;'0.40500000000000025;'-0.17344806943544266;'-0.6450692505981459
82;'0.41000000000000025;'-0.1706082040263569;'-0.6274435458729528
83;'0.41500000000000026;'-0.16778055981558387;'-0.6102810089118506
84;'0.42000000000000026;'-0.16496696355009466;'-0.5935700742067119
85;'0.42500000000000027;'-0.16216912298417127;'-0.5772994443563729
86;'0.43000000000000027;'-0.15938863227590325;'-0.5614580845952876
87;'0.4350000000000003;'-0.1566269771713953;'-0.546035217405033
88;'0.4400000000000003;'-0.1538855399843944;'-0.531020317208679
89;'0.4450000000000003;'-0.1511656043787803;'-0.5164031051479585
90;'0.4500000000000003;'-0.14846835996110608;'-0.502173543943105
91;'0.4550000000000003;'-0.1457949066901278;'-0.48832183283515923
92;'0.4600000000000003;'-0.14314625911002238;'-0.47483840261048105
93;'0.4650000000000003;'-0.1405233504137613;'-0.4617139107071466
94;'0.4700000000000003;'-0.13792703634288278;'-0.44893923640285543
95;'0.4750000000000003;'-0.13535809892968942;'-0.4365054760839204
96;'0.4800000000000003;'-0.1328172500876879;'-0.42440393859486575
97;'0.4850000000000003;'-0.13030513505588542;'-0.41262614066811415
98;'0.4900000000000003;'-0.12782233570236132;'-0.401163802433201
99;'0.49500000000000033;'-0.12536937369234363;'-0.3900088430049167
100;'0.5000000000000003;'-0.12294671352583697;'-0.37915337614974126
101;'0.5050000000000003;'-0.12055476544967146;'-0.36858970602990115
102;'0.5100000000000003;'-0.11819388824867179;'-0.35831032302435045
103;'0.5150000000000003;'-0.11586439192048002;'-0.3483078996259464
104;'0.5200000000000004;'-0.11356654023840652;'-0.33857528641406653
105;'0.5250000000000004;'-0.11130055320652886;'-0.3291055081018894
106;'0.5300000000000004;'-0.10906660941110978;'-0.31989175965753835
107;'0.5350000000000004;'-0.10686484827226113;'-0.31092740249827056
108;'0.5400000000000004;'-0.10469537219964165;'-0.30220596075687245
109;'0.5450000000000004;'-0.10255824865584197;'-0.2937211176194098
110;'0.5500000000000004;'-0.10045351213098042;'-0.2854667117334637
111;'0.5550000000000004;'-0.09838116603190752;'-0.2774367336859729
112;'0.5600000000000004;'-0.09634118448929625;'-0.26962532254978977
113;'0.5650000000000004;'-0.0943335140857774;'-0.2620267624980503
114;'0.5700000000000004;'-0.09235807550816699;'-0.25463547948544646
115;'0.5750000000000004;'-0.09041476512672265;'-0.2474460379954853
116;'0.5800000000000004;'-0.0885034565042611;'-0.24045313785281208
117;'0.5850000000000004;'-0.08662400183786616;'-0.23365161109966917
118;'0.5900000000000004;'-0.08477623333581898;'-0.22703641893556106
119;'0.5950000000000004;'-0.08295996453228652;'-0.22060264871919094
120;'0.6000000000000004;'-0.08117499154221279;'-0.21434551103173455
121;'0.6050000000000004;'-0.07942109425876867;'-0.20826033680051528
122;'0.6100000000000004;'-0.07769803749563041;'-0.2023425744821455
123;'0.6150000000000004;'-0.07600557207627424;'-0.19658778730419946
124;'0.6200000000000004;'-0.07434343587239485;'-0.1909916505644859
125;'0.6250000000000004;'-0.07271135479347823;'-0.18554994898698987
126;'0.6300000000000004;'-0.07110904372948507;'-0.18025857413355806
127;'0.6350000000000005;'-0.06953620744852906;'-0.17511352187040408
128;'0.6400000000000005;'-0.06799254145136528;'-0.1701108898885164
129;'0.6450000000000005;'-0.06647773278443637;'-0.16524687527705553
130;'0.6500000000000005;'-0.06499146081316051;'-0.16051777214883298
131;'0.6550000000000005;'-0.06353339795708189;'-0.15591996931697077
132;'0.6600000000000005;'-0.062103210388444956;'-0.15144994802184678
133;'0.6650000000000005;'-0.060700558695695184;'-0.14710427970743783
134;'0.6700000000000005;'-0.05932509851335334;'-0.14287962384618044
135;'0.6750000000000005;'-0.057976481119655976;'-0.13877272581147596
136;'0.6800000000000005;'-0.0566543540033028;'-0.13478041479697597
137;'0.6850000000000005;'-0.055358361400601235;'-0.13089960178179116
138;'0.6900000000000005;'-0.05408814480424987;'-0.12712727754077618
139;'0.6950000000000005;'-0.05284334344495572;'-0.1234605106990517
140;'0.7000000000000005;'-0.05162359474703484;'-0.11989644582993383
141;'0.7050000000000005;'-0.05042853475910257;'-0.11643230159545091
142;'0.7100000000000005;'-0.0492577985609173;'-0.1130653689286365
143;'0.7150000000000005;'-0.048111020647401234;'-0.10979300925679782
144;'0.7200000000000005;'-0.04698783529082263;'-0.1066126527649683
145;'0.7250000000000005;'-0.04588787688208596;'-0.10352179669876307
146;'0.7300000000000005;'-0.0448107802520405;'-0.10051800370586637
147;'0.7350000000000005;'-0.043756180973682314;'-0.09759890021538986
148;'0.7400000000000005;'-0.04272371564609116;'-0.0947621748543515
149;'0.7450000000000006;'-0.04171302216091107;'-0.09200557690053475
150;'0.7500000000000006;'-0.040723739952151894;'-0.08932691477099833
151;'0.7550000000000006;'-0.03975551023005896;'-0.08672405454551735
152;'0.7600000000000006;'-0.038807976199768605;'-0.08419491852424718
153;'0.7650000000000006;'-0.037880783265439366;'-0.08173748381891181
154;'0.7700000000000006;'-0.03697357922052135;'-0.07934978097682918
155;'0.7750000000000006;'-0.036086014424800264;'-0.07702989263709639
156;'0.7800000000000006;'-0.035217741968827314;'-0.07477595221826842
157;'0.7850000000000006;'-0.034368417826321974;'-0.07258614263687435
158;'0.7900000000000006;'-0.03353770099511123;'-0.07045869505612565
159;'0.7950000000000006;'-0.0327252536271463;'-0.06839188766418171
160;'0.8000000000000006;'-0.03193074114811627;'-0.06638404448134803
161;'0.8050000000000006;'-0.03115383236715698;'-0.064433534195593
162;'0.8100000000000006;'-0.03039419957713365;'-0.06253876902577948
163;'0.8150000000000006;'-0.029651518645955964;'-0.060698203612017804
164;'0.8200000000000006;'-0.028925469099366018;'-0.05891033393255679
165;'0.8250000000000006;'-0.02821573419562131;'-0.0571736962466398
166;'0.8300000000000006;'-0.027522000992477764;'-0.05548686606276264
167;'0.8350000000000006;'-0.026843960406861055;'-0.05384845713178034
168;'0.8400000000000006;'-0.026181307267598437;'-0.052257120464319635
169;'0.8450000000000006;'-0.02553374036156792;'-0.05071154337196371
170;'0.8500000000000006;'-0.024900962473606656;'-0.04921044853168566
171;'0.8550000000000006;'-0.02428268042050617;'-0.04775259307301662
172;'0.8600000000000007;'-0.02367860507940826;'-0.04633676768744408
173;'0.8650000000000007;'-0.02308845141090218;'-0.044961795759545266
174;'0.8700000000000007;'-0.022511938477110895;'-0.04362653251936994
175;'0.8750000000000007;'-0.021948789455042035;'-0.042329864215596
176;'0.8800000000000007;'-0.021398731645467302;'-0.04107070730899048
177;'0.8850000000000007;'-0.02086149647758276;'-0.039848007685717474
178;'0.8900000000000007;'-0.020336819509691528;'-0.03866073989004349
179;'0.8950000000000007;'-0.01982444042613991;'-0.037507906375999364
180;'0.9000000000000007;'-0.019324103030727888;'-0.036388536777566635
181;'0.9050000000000007;'-0.018835555236805197;'-0.03530168719696479
182;'0.9100000000000007;'-0.018358549054254925;'-0.034246439510624116
183;'0.9150000000000007;'-0.017892840573557542;'-0.03322190069243738
184;'0.9200000000000007;'-0.01743818994711971;'-0.032227202153891535
185;'0.9250000000000007;'-0.016994361368043907;'-0.03126149910068891
186;'0.9300000000000007;'-0.016561123046506993;'-0.030323969905475076
187;'0.9350000000000007;'-0.016138247183908105;'-0.029413815496298675
188;'0.9400000000000007;'-0.015725509944939056;'-0.02853025876043589
189;'0.9450000000000007;'-0.015322691427723273;'-0.027672543963220126
190;'0.9500000000000007;'-0.014929575632162535;'-0.02683993618152471
191;'0.9550000000000007;'-0.014545950426624347;'-0.026031720751553925
192;'0.9600000000000007;'-0.014171607513096443;'-0.02524720273060481
193;'0.9650000000000007;'-0.013806342390928993;'-0.024485706372469353
194;'0.9700000000000008;'-0.013449954319279304;'-0.023746574616153662
195;'0.9750000000000008;'-0.013102246278368285;'-0.023029168587597567
196;'0.9800000000000008;'-0.012763024929652656;'-0.022332867114084914
197;'0.9850000000000008;'-0.012432100575011814;'-0.021657066251041423
198;'0.9900000000000008;'-0.012109287115043343;'-0.021001178820923498
199;'0.9950000000000008;'-0.011794402006556553;'-0.020364633963907853
200;'1.0000000000000007;'-0.011487266219348884;'-0.01974687670009806
201;'1.0050000000000006;'-0.011187704192345755;'-0.019147367502970348
202;'1.0100000000000005;'-0.010895543789180291;'-0.018565581883787093
203;'1.0150000000000003;'-0.010610616253285438;'-0.018001009986712314
204;'1.0200000000000002;'-0.010332756162567163;'-0.017453156194369473
205;'1.0250000000000001;'-0.010061801383723845;'-0.016921538743587525
206;'1.03;'-0.00979759302627344;'-0.016405689351086886
207;'1.035;'-0.009539975396346743;'-0.01590515284886248
208;'1.0399999999999998;'-0.009288795950301826;'-0.015419486829026476
209;'1.0449999999999997;'-0.009043905248211716;'-0.01494826129787867
210;'1.0499999999999996;'-0.008805156907274451;'-0.01449105833897768
211;'1.0549999999999995;'-0.008572407555191855;'-0.014047471784991253
212;'1.0599999999999994;'-0.008345516783560708;'-0.013617106898109035
213;'1.0649999999999993;'-0.008124347101317443;'-0.013199580058806046
214;'1.0699999999999992;'-0.00790876388827502;'-0.012794518462749968
215;'1.074999999999999;'-0.007698635348788354;'-0.01240155982565009
216;'1.079999999999999;'-0.007493832465582375;'-0.012020352095850367
217;'1.0849999999999989;'-0.007294228953774725;'-0.011650553174473659
218;'1.0899999999999987;'-0.007099701215123008;'-0.011291830642928592
219;'1.0949999999999986;'-0.006910128292524615;'-0.010943861497594942
220;'1.0999999999999985;'-0.00672539182479524;'-0.010606331891507654
221;'1.1049999999999984;'-0.006545376001750462;'-0.010278936882863835
222;'1.1099999999999983;'-0.006369967519613079;'-0.009961380190181137
223;'1.1149999999999982;'-0.006199055536767234;'-0.009653373953940019
224;'1.119999999999998;'-0.006032531629878879;'-0.009354638504546235
225;'1.124999999999998;'-0.005870289750400617;'-0.009064902136453822
226;'1.129999999999998;'-0.005712226181477606;'-0.008783900888292596
227;'1.1349999999999978;'-0.005558239495269829;'-0.008511378328847864
228;'1.1399999999999977;'-0.0054082305107048196;'-0.008247085348743672
229;'1.1449999999999976;'-0.005262102251673689;'-0.007990779957684477
230;'1.1499999999999975;'-0.005119759905682171;'-0.007742227087113531
231;'1.1549999999999974;'-0.004981110782967303;'-0.007501198398149724
232;'1.1599999999999973;'-0.004846064276089337;'-0.007267472094667892
233;'1.1649999999999971;'-0.00471453182000747;'-0.007040832741390871
234;'1.169999999999997;'-0.00458642685264707;'-0.006821071086864734
235;'1.174999999999997;'-0.0044616647759651695;'-0.006607983891191761
236;'1.1799999999999968;'-0.004340162917520155;'-0.006401373758398718
237;'1.1849999999999967;'-0.004221840492550811;'-0.006201048973321003
238;'1.1899999999999966;'-0.004106618566569075;'-0.006006823342886086
239;'1.1949999999999965;'-0.003994420018470185;'-0.005818516041682566
240;'1.1999999999999964;'-0.0038851695041631994;'-0.005635951461703872
241;'1.2049999999999963;'-0.003778793420724236;'-0.005458959066158412
242;'1.2099999999999962;'-0.0036752198710741702;'-0.005287373247240584
243;'1.214999999999996;'-0.003574378629181959;'-0.005121033187759669
244;'1.219999999999996;'-0.003476201105794224;'-0.0049597827265261685
245;'1.2249999999999959;'-0.003380620314691201;'-0.004803470227397606
246;'1.2299999999999958;'-0.003287570839468709;'-0.004651948451888247
247;'1.2349999999999957;'-0.003196988800845315;'-0.004505074435249559
248;'1.2399999999999956;'-0.0031088118244934674;'-0.004362709365930529
249;'1.2449999999999954;'-0.003022979009392958;'-0.004224718468329223
250;'1.2499999999999953;'-0.0029394308967047073;'-0.004090970888749186
251;'1.2549999999999952;'-0.002858109439162511;'-0.003961339584476417
252;'1.2599999999999951;'-0.0027789579709800697;'-0.003835701215894776
253;'1.264999999999995;'-0.0027019211782702973;'-0.003713936041559726
254;'1.269999999999995;'-0.002626945069973645;'-0.0035959278161523294
255;'1.2749999999999948;'-0.002553976949291883;'-0.0034815636912373716
256;'1.2799999999999947;'-0.0024829653856235584;'-0.0033707341187514035
257;'1.2849999999999946;'-0.0024138601869971047;'-0.00326333275714837
258;'1.2899999999999945;'-0.0023466123729973688;'-0.003159256380132312
259;'1.2949999999999944;'-0.0022811741481811275;'-0.0030584047879084167
260;'1.2999999999999943;'-0.0022174988759769815;'-0.00296068072088543
261;'1.3049999999999942;'-0.002155541053064851;'-0.0028659897757641484
262;'1.309999999999994;'-0.0020952562842301405;'-0.002774240323948362
263;'1.314999999999994;'-0.0020366012576875075;'-0.0026853434322162513
264;'1.3199999999999938;'-0.0019795337208690397;'-0.0025992127855918065
265;'1.3249999999999937;'-0.0019240124566715273;'-0.002515764612357396
266;'1.3299999999999936;'-0.0018699972601574249;'-0.0024349176111501084
267;'1.3349999999999935;'-0.0018174489157039913;'-0.0023565928800859696
268;'1.3399999999999934;'-0.0017663291745950273;'-0.002280713847857564
269;'1.3449999999999933;'-0.0017166007330495488;'-0.0022072062067519955
270;'1.3499999999999932;'-0.001668227210681677;'-0.002135997847537488
271;'1.354999999999993;'-0.0016211731293859688;'-0.002067018796168257
272;'1.359999999999993;'-0.0015754038926423686;'-0.0020002011522585895
273;'1.3649999999999929;'-0.001530885765234922;'-0.0019354790292783284
274;'1.3699999999999928;'-0.0014875858533783626;'-0.0018727884964232118
275;'1.3749999999999927;'-0.0014454720852466623;'-0.0018120675221147088
276;'1.3799999999999926;'-0.001404513191897614;'-0.0017532559190851806
277;'1.3849999999999925;'-0.0013646786885875087;'-0.0016962952910053468
278;'1.3899999999999924;'-0.0013259388564699662;'-0.0016411289806121483
279;'1.3949999999999922;'-0.0012882647246729739;'-0.0015877020192962032
280;'1.3999999999999921;'-0.0012516280527482015;'-0.001535961078109108
281;'1.404999999999992;'-0.0012160013134866665;'-0.001485854420151883
282;'1.409999999999992;'-0.0011813576760948423;'-0.001437331854306873
283;'1.4149999999999918;'-0.0011476709897253227;'-0.001390344690276401
284;'1.4199999999999917;'-0.0011149157673561788;'-0.001344845694892439
285;'1.4249999999999916;'-0.0010830671700131755;'-0.0013007890496625012
286;'1.4299999999999915;'-0.0010521009913290436;'-0.0012581303095178776
287;'1.4349999999999914;'-0.0010219936424340414;'-0.0012168263627312238
288;'1.4399999999999913;'-0.0009927221371720768;'-0.001176835391971391
289;'1.4449999999999912;'-0.0009642640776367034;'-0.0011381168364642316
290;'1.449999999999991;'-0.0009365976400213457;'-0.0011006313552289401
291;'1.454999999999991;'-0.0009097015607781582;'-0.0010643407913603034
292;'1.4599999999999909;'-0.0008835551230799706;'-0.0010292081373280122
293;'1.4649999999999908;'-0.0008581381435798209;'-0.000995197501264957
294;'1.4699999999999906;'-0.0008334309594626338;'-0.000962274074217181
295;'1.4749999999999905;'-0.0008094144157836546;'-0.0009304040983288847
296;'1.4799999999999904;'-0.0007860698530883066;'-0.0008995548359365927
297;'1.4849999999999903;'-0.0007633790953081959;'-0.0008696945395472814
298;'1.4899999999999902;'-0.0007413244379280496;'-0.0008407924226759397
299;'1.4949999999999901;'-0.0007198886364184314;'-0.0008128186315186972
300;'1.49999999999999;'-0.0006990548949291414;'-0.0007857442174382845
301;'1.50499999999999;'-0.000678806855238269;'-0.0007595411102392245
302;'1.5099999999999898;'-0.0006591285859519327;'-0.0007341820922107536
303;'1.5149999999999897;'-0.0006400045719498022;'-0.0007096407729160658
304;'1.5199999999999896;'-0.0006214197040715647;'-0.0006858915647070509
305;'1.5249999999999895;'-0.0006033592690395646;'-0.0006629096589442577
306;'1.5299999999999894;'-0.0005858089396129067;'-0.0006406710029023611
307;'1.5349999999999893;'-0.0005687547649683852;'-0.0006191522773419449
308;'1.5399999999999892;'-0.0005521831613036618;'-0.0005983308747289322
309;'1.544999999999989;'-0.000536080902658189;'-0.0005781848780834999
310;'1.549999999999989;'-0.0005204351119474355;'-0.0005586930404408065
311;'1.5549999999999888;'-0.0005052332522060427;'-0.0005398347649063433
312;'1.5599999999999887;'-0.0004904631180356057;'-0.0005215900852891857
313;'1.5649999999999886;'-0.0004761128272528392;'-0.0005039396472968759
314;'1.5699999999999885;'-0.00046217081273395834;'-0.00048686469027611225
315;'1.5749999999999884;'-0.00044862581445116755;'-0.0004703470294838518
316;'1.5799999999999883;'-0.00043546687169721974;'-0.00045436903887385323
317;'1.5849999999999882;'-0.00042268331549407377;'-0.0004389136343840956
318;'1.589999999999988;'-0.00041026476118174364;'-0.000423964257710908
319;'1.594999999999988;'-0.00039820110118349983;'-0.0004095048605560327
320;'1.5999999999999879;'-0.00038648249794364666;'-0.00039551988933322197
321;'1.6049999999999878;'-0.00037509937703416663;'-0.0003819942703213364
322;'1.6099999999999877;'-0.0003640424204265853;'-0.00036891339525127193
323;'1.6149999999999876;'-0.0003533025599254753;'-0.00035626310731438915
324;'1.6199999999999875;'-0.00034287097076008164;'-0.0003440296875804603
325;'1.6249999999999873;'-0.00033273906533061215;'-0.0003321998418134777
326;'1.6299999999999872;'-0.00032289848710580107;'-0.00032076068767398965
327;'1.6349999999999871;'-0.00031334110466841415;'-0.0003096997422969441
328;'1.639999999999987;'-0.0003040590059054254;'-0.00029900491023432266
329;'1.644999999999987;'-0.00029504449233965657;'-0.00028866447175214614
330;'1.6499999999999868;'-0.00028629007359972866;'-0.00027866707147172065
331;'1.6549999999999867;'-0.000277788462025237;'-0.00026900170734527415
332;'1.6599999999999866;'-0.00026953256740411643;'-0.00025965771995640704
333;'1.6649999999999865;'-0.0002615154918392244;'-0.0002506247821360465
334;'1.6699999999999864;'-0.0002537305247412238;'-0.00024189288888485272
335;'1.6749999999999863;'-0.000246171137944907;'-0.00023345234759327826
336;'1.6799999999999862;'-0.0002388309809461553;'-0.0002252937685507254
337;'1.684999999999986;'-0.00023170387625678514;'-0.00021740805573548677
338;'1.689999999999986;'-0.00022478381487458604;'-0.00020978639787738536
339;'1.6949999999999859;'-0.0002180649518659083;'-0.00020242025978525643
340;'1.6999999999999857;'-0.00021154160205821186;'-0.00019530137393163402
341;'1.7049999999999856;'-0.00020520823584003982;'-0.00018842173228721793
342;'1.7099999999999855;'-0.00019905947506593081;'-0.00018177357839790572
343;'1.7149999999999854;'-0.00019309008906383558;'-0.00017534939969737648
344;'1.7199999999999853;'-0.00018729499074265256;'-0.00016914192004841006
345;'1.7249999999999852;'-0.00018166923279754643;'-0.00016314409250631708
346;'1.729999999999985;'-0.00017620800401076158;'-0.00015734909229804165
347;'1.734999999999985;'-0.00017090662564569039;'-0.0001517503100106795
348;'1.739999999999985;'-0.00016576054793200276;'-0.00014634134498333148
349;'1.7449999999999848;'-0.0001607653466396889;'-0.00014111599889638277
350;'1.7499999999999847;'-0.0001559167197399136;'-0.00013606826955246638
351;'1.7549999999999846;'-0.00015121048415062374;'-0.00013119234484353066
352;'1.7599999999999845;'-0.00014664257256489496;'-0.00012648259689858888
353;'1.7649999999999844;'-0.00014220903036004672;'-0.00012193357640688298
354;'1.7699999999999843;'-0.00013790601258559655;'-0.00011754000711134176
355;'1.7749999999999841;'-0.00013372978102816653;'-0.00011329678046736022
356;'1.779999999999984;'-0.00012967670135149547;'-0.00010919895046206721
357;'1.784999999999984;'-0.00012574324030975042;'-0.00010524172858938627
358;'1.7899999999999838;'-0.0001219259630323706;'-0.00010142047897632788
359;'1.7949999999999837;'-0.00011822153037871562;'-9.773071365608151e-05
360;'1.7999999999999836;'-0.00011462669636082748;'-9.416808798360179e-05
361;'1.8049999999999835;'-0.0001111383056326536;'-9.07283961895064e-05
362;'1.8099999999999834;'-0.00010775329104411433;'-8.740756706822216e-05
363;'1.8149999999999833;'-0.00010446867125843446;'-8.420165979643235e-05
364;'1.8199999999999832;'-0.00010128154843119375;'-8.110685987799097e-05
365;'1.824999999999983;'-9.818910594958544e-05;'-7.811947521157937e-05
366;'1.829999999999983;'-9.518860623040638e-05;'-7.52359322774876e-05
367;'1.8349999999999829;'-9.227738857533511e-05;'-7.245277244000622e-05
368;'1.8399999999999828;'-8.945286708208717e-05;'-6.976664836201571e-05
369;'1.8449999999999827;'-8.671252861006877e-05;'-6.717432052845788e-05
370;'1.8499999999999825;'-8.40539307991814e-05;'-6.467265387546993e-05
371;'1.8549999999999824;'-8.147470014046072e-05;'-6.225861452205362e-05
372;'1.8599999999999823;'-7.897253009726302e-05;'-5.992926660124253e-05
373;'1.8649999999999822;'-7.654517927574249e-05;'-5.768176918781802e-05
374;'1.8699999999999821;'-7.419046964339105e-05;'-5.551337331970912e-05
375;'1.874999999999982;'-7.19062847944411e-05;'-5.342141911029479e-05
376;'1.879999999999982;'-6.969056826095938e-05;'-5.140333294890713e-05
377;'1.8849999999999818;'-6.754132186848722e-05;'-4.945662478691223e-05
378;'1.8899999999999817;'-6.545660413510913e-05;'-4.757888550682152e-05
379;'1.8949999999999816;'-6.343452871285796e-05;'-4.5767784371959925e-05
380;'1.8999999999999815;'-6.14732628703903e-05;'-4.4021066554289245e-05
381;'1.9049999999999814;'-5.9571026015890854e-05;'-4.2336550738054576e-05
382;'1.9099999999999813;'-5.7726088259189036e-05;'-4.071212679698951e-05
383;'1.9149999999999812;'-5.593676901209519e-05;'-3.91457535428816e-05
384;'1.919999999999981;'-5.420143562598706e-05;'-3.7635456543363574e-05
385;'1.924999999999981;'-5.251850206570043e-05;'-3.617932600685794e-05
386;'1.9299999999999808;'-5.088642761880014e-05;'-3.477551473266299e-05
387;'1.9349999999999807;'-4.930371563932985e-05;'-3.3422236124227e-05
388;'1.9399999999999806;'-4.776891232516047e-05;'-3.211776226371424e-05
389;'1.9449999999999805;'-4.628060552807809e-05;'-3.0860422046022065e-05
390;'1.9499999999999804;'-4.483742359577326e-05;'-2.9648599370462067e-05
391;'1.9549999999999803;'-4.3438034244913166e-05;'-2.848073138837048e-05
392;'1.9599999999999802;'-4.208114346449839e-05;'-2.7355306804964038e-05
393;'1.96499999999998;'-4.076549444872511e-05;'-2.6270864233806705e-05
394;'1.96999999999998;'-3.948986655859237e-05;'-2.5225990602300685e-05
395;'1.9749999999999799;'-3.8253074311512755e-05;'-2.4219319606661757e-05
396;'1.9799999999999798;'-3.705396639820267e-05;'-2.324953021488419e-05
397;'1.9849999999999797;'-3.589142472614612e-05;'-2.2315345216244458e-05
398;'1.9899999999999796;'-3.476436348894323e-05;'-2.1415529815935723e-05
399;'1.9949999999999795;'-3.367172826087159e-05;'-2.054889027346649e-05
400;'1.9999999999999793;'-3.2612495116004875e-05;'-1.9714272583497157e-05
401;'2.0049999999999795;'-3.158566977124956e-05;'-1.8910561197827328e-05
402;'2.0099999999999794;'-3.059028675267607e-05;'-1.8136677787284753e-05
403;'2.0149999999999793;'-2.962540858453623e-05;'-1.7391580042303702e-05
404;'2.019999999999979;'-2.8690125000373955e-05;'-1.6674260511016408e-05
405;'2.024999999999979;'-2.7783552175650738e-05;'-1.59837454737161e-05
406;'2.029999999999979;'-2.6904831981321888e-05;'-1.5319093852583894e-05
407;'2.034999999999979;'-2.605313125781358e-05;'-1.4679396155604751e-05
408;'2.0399999999999787;'-2.522764110886439e-05;'-1.4063773453629501e-05
409;'2.0449999999999786;'-2.4427576214708453e-05;'-1.3471376389571041e-05
410;'2.0499999999999785;'-2.3652174164090474e-05;'-1.2901384218752778e-05
411;'2.0549999999999784;'-2.290069480461552e-05;'-1.2353003879456687e-05
412;'2.0599999999999783;'-2.2172419610949113e-05;'-1.1825469092746683e-05
413;'2.064999999999978;'-2.1466651070395307e-05;'-1.131803949067055e-05
414;'2.069999999999978;'-2.0782712085392237e-05;'-1.0829999771970434e-05
415;'2.074999999999978;'-2.0119945392476426e-05;'-1.0360658884457879e-05
416;'2.079999999999978;'-1.9477712997278348e-05;'-9.909349233234553e-06
417;'2.0849999999999778;'-1.885539562512289e-05;'-9.475425913964375e-06
418;'2.0899999999999777;'-1.8252392186819174e-05;'-9.05826597042644e-06
419;'2.0949999999999775;'-1.766811925923473e-05;'-8.657267675601275e-06
420;'2.0999999999999774;'-1.710201058025939e-05;'-8.271849835565327e-06
421;'2.1049999999999773;'-1.6553516557774246e-05;'-7.901451115490357e-06
422;'2.1099999999999772;'-1.602210379225095e-05;'-7.545529387065517e-06
423;'2.114999999999977;'-1.5507254612616105e-05;'-7.203561096680387e-06
424;'2.119999999999977;'-1.5008466625024947e-05;'-6.8750406537271424e-06
425;'2.124999999999977;'-1.4525252274197626e-05;'-6.559479838399349e-06
426;'2.129999999999977;'-1.4057138416980271e-05;'-6.256407228383628e-06
427;'2.1349999999999767;'-1.3603665907801772e-05;'-5.965367643858621e-06
428;'2.1399999999999766;'-1.3164389195705648e-05;'-5.685921610233371e-06
429;'2.1449999999999765;'-1.2738875932644715e-05;'-5.417644838074358e-06
430;'2.1499999999999764;'-1.232670659273426e-05;'-5.160127719687107e-06
431;'2.1549999999999763;'-1.1927474102167386e-05;'-4.912974841834379e-06
432;'2.159999999999976;'-1.1540783479503833e-05;'-4.675804514088707e-06
433;'2.164999999999976;'-1.11662514860511e-05;'-4.448248312332186e-06
434;'2.169999999999976;'-1.0803506286063986e-05;'-4.229950636931241e-06
435;'2.174999999999976;'-1.0452187116495847e-05;'-4.020568285128396e-06
436;'2.1799999999999757;'-1.0111943966041755e-05;'-3.819770037206989e-06
437;'2.1849999999999756;'-9.782437263220616e-06;'-3.62723625599828e-06
438;'2.1899999999999755;'-9.463337573249826e-06;'-3.442658499313465e-06
439;'2.1949999999999754;'-9.15432530347261e-06;'-3.265739144895859e-06
440;'2.1999999999999753;'-8.855090417104363e-06;'-3.096191027500809e-06
441;'2.204999999999975;'-8.565332155070555e-06;'-2.93373708772288e-06
442;'2.209999999999975;'-8.284758765714666e-06;'-2.778110032201462e-06
443;'2.214999999999975;'-8.013087242160508e-06;'-2.6290520048472145e-06
444;'2.219999999999975;'-7.750043067118934e-06;'-2.486314268742697e-06
445;'2.2249999999999748;'-7.4953599649345275e-06;'-2.349656898381127e-06
446;'2.2299999999999747;'-7.248779660673204e-06;'-2.218848481917515e-06
447;'2.2349999999999746;'-7.0100516460570106e-06;'-2.093665833116393e-06
448;'2.2399999999999745;'-6.778932952057469e-06;'-1.973893712690047e-06
449;'2.2449999999999743;'-6.555187927963864e-06;'-1.8593245587305512e-06
450;'2.2499999999999742;'-6.338588026747733e-06;'-1.7497582259480219e-06
451;'2.254999999999974;'-6.1289115965495906e-06;'-1.645001733436354e-06
452;'2.259999999999974;'-5.925943678118529e-06;'-1.5448690206962713e-06
453;'2.264999999999974;'-5.729475808039885e-06;'-1.4491807116538466e-06
454;'2.269999999999974;'-5.539305827590541e-06;'-1.3577638864207226e-06
455;'2.2749999999999737;'-5.355237697065732e-06;'-1.2704518605500855e-06
456;'2.2799999999999736;'-5.177081315425408e-06;'-1.1870839715500435e-06
457;'2.2849999999999735;'-5.004652345112267e-06;'-1.107505372423422e-06
458;'2.2899999999999734;'-4.837772041897561e-06;'-1.0315668320101353e-06
459;'2.2949999999999733;'-4.676267089614619e-06;'-9.591245419152227e-07
460;'2.299999999999973;'-4.51996943964382e-06;'-8.900399298123531e-07
461;'2.304999999999973;'-4.368716155016419e-06;'-8.241794789191256e-07
462;'2.309999999999973;'-4.222349259008178e-06;'-7.614145534468074e-07
463;'2.314999999999973;'-4.080715588097278e-06;'-7.01621229833286e-07
464;'2.3199999999999728;'-3.943666649164348e-06;'-6.446801335739533e-07
465;'2.3249999999999726;'-3.8110584808157655e-06;'-5.90476281471004e-07
466;'2.3299999999999725;'-3.6827515187146097e-06;'-5.388989291272239e-07
467;'2.3349999999999724;'-3.558610464806765e-06;'-4.898414235157593e-07
468;'2.3399999999999723;'-3.438504160332746e-06;'-4.4320106046261915e-07
469;'2.344999999999972;'-3.32230546251878e-06;'-3.9887894688375577e-07
470;'2.349999999999972;'-3.2098911248435795e-06;'-3.567798676235131e-07
471;'2.354999999999972;'-3.1011416807800604e-06;'-3.168121567460224e-07
472;'2.359999999999972;'-2.995941330914015e-06;'-2.7888757313577056e-07
473;'2.364999999999972;'-2.8941778333444067e-06;'-2.4292118026807243e-07
474;'2.3699999999999717;'-2.7957423972725842e-06;'-2.0883123001454267e-07
475;'2.3749999999999716;'-2.7005295796902222e-06;'-1.765390503528995e-07
476;'2.3799999999999715;'-2.608437185078286e-06;'-1.4596893685453478e-07
477;'2.3849999999999714;'-2.519366168031716e-06;'-1.1704804782726542e-07
478;'2.3899999999999713;'-2.433220538726858e-06;'-8.970630299453828e-08
479;'2.394999999999971;'-2.349907271150971e-06;'-6.38762855960997e-08
480;'2.399999999999971;'-2.269336214015329e-06;'-3.949314779876635e-08
481;'2.404999999999971;'-2.191420004275628e-06;'-1.6494519309447124e-08
482;'2.409999999999971;'-2.1160739831854834e-06;'5.179580914027621e-09
483;'2.4149999999999707;'-2.0432161148108714e-06;'2.5586829955412293e-08
484;'2.4199999999999706;'-1.972766906935347e-06;'4.478268333383035e-08
485;'2.4249999999999705;'-1.90464933428782e-06;'6.282045459367802e-08
486;'2.4299999999999704;'-1.8387887640265504e-06;'7.975139218248256e-08
487;'2.4349999999999703;'-1.7751128834148704e-06;'9.562475370563706e-08
488;'2.43999999999997;'-1.7135516296259196e-06;'1.1048787764411004e-07
489;'2.44499999999997;'-1.6540371216154307e-06;'1.243862526184915e-07
490;'2.44999999999997;'-1.5965035940032875e-06;'1.3736358428008588e-07
491;'2.45499999999997;'-1.5408873329062312e-06;'1.4946185990719157e-07
492;'2.4599999999999698;'-1.4871266136656938e-06;'1.6072141078221672e-07
493;'2.4649999999999697;'-1.435161640416299e-06;'1.71180972422868e-07
494;'2.4699999999999696;'-1.3849344874420874e-06;'1.8087774273830976e-07
495;'2.4749999999999694;'-1.3363890422690063e-06;'1.8984743817892586e-07
496;'2.4799999999999693;'-1.289470950443636e-06;'1.9812434794612026e-07
497;'2.4849999999999692;'-1.24412756194953e-06;'2.0574138632646536e-07
498;'2.489999999999969;'-1.2003078792139051e-06;'2.127301432124458e-07
499;'2.494999999999969;'-1.15796250665874e-06;'2.191209328700483e-07
500;'2.499999999999969;'-1.1170436017516369e-06;'2.2494284101151307e-07
501;'2.504999999999969;'-1.0775048275130446e-06;'2.3022377022968839e-07
502;'2.5099999999999687;'-1.0393013064376717e-06;'2.349904838486131e-07
503;'2.5149999999999686;'-1.0023895757890952e-06;'2.3926864824319313e-07
504;'2.5199999999999685;'-9.667275442277332e-07;'2.4308287367913325e-07
505;'2.5249999999999684;'-9.322744497334663e-07;'2.4645675372263485e-07
506;'2.5299999999999683;'-8.989908187852877e-07;'2.494129032677707e-07
507;'2.534999999999968;'-8.668384267614251e-07;'2.519729952278986e-07
508;'2.539999999999968;'-8.357802595244082e-07;'2.5415779593597605e-07
509;'2.544999999999968;'-8.057804761565624e-07;'2.5598719929718247e-07
510;'2.549999999999968;'-7.76804372812387e-07;'2.5748025973585086e-07
511;'2.5549999999999677;'-7.488183476552258e-07;'2.5865522397734404e-07
512;'2.5599999999999676;'-7.217898668465636e-07;'2.5952956170419237e-07
513;'2.5649999999999675;'-6.956874315571798e-07;'2.601199951245298e-07
514;'2.5699999999999674;'-6.704805459702672e-07;'2.604425274896266e-07
515;'2.5749999999999673;'-6.461396862474719e-07;'2.6051247059611744e-07
516;'2.579999999999967;'-6.226362704296387e-07;'2.603444713073629e-07
517;'2.584999999999967;'-5.99942629244849e-07;'2.5995253712725525e-07
518;'2.589999999999967;'-5.780319777971228e-07;'2.59350060858693e-07
519;'2.594999999999967;'-5.568783881099128e-07;'2.585498443778914e-07
520;'2.599999999999967;'-5.36456762499261e-07;'2.5756412155467604e-07
521;'2.6049999999999667;'-5.167428077522058e-07;'2.5640458034791776e-07
522;'2.6099999999999666;'-4.977130100867252e-07;'2.5508238410430856e-07
523;'2.6149999999999665;'-4.793446108701826e-07;'2.536081920877523e-07
524;'2.6199999999999664;'-4.616155830739031e-07;'2.51992179265746e-07
525;'2.6249999999999662;'-4.445046084421458e-07;'2.5024405537825774e-07
526;'2.629999999999966;'-4.2799105535436775e-07;'2.4837308331376785e-07
527;'2.634999999999966;'-4.120549573602776e-07;'2.4638809681632287e-07
528;'2.639999999999966;'-3.966769923677686e-07;'2.4429751754666646e-07
529;'2.644999999999966;'-3.818384624643942e-07;'2.4210937151974544e-07
530;'2.6499999999999657;'-3.675212743536059e-07;'2.3983130494015243e-07
531;'2.6549999999999656;'-3.537079203875157e-07;'2.3747059945635027e-07
532;'2.6599999999999655;'-3.4038146017847147e-07;'2.3503418685383158e-07
533;'2.6649999999999654;'-3.275255027722456e-07;'2.3252866320669695e-07
534;'2.6699999999999653;'-3.1512418936613495e-07;'2.2996030250648694e-07
535;'2.674999999999965;'-3.031621765557529e-07;'2.273350697864748e-07
536;'2.679999999999965;'-2.916246200947654e-07;'2.246586337590205e-07
537;'2.684999999999965;'-2.804971591522781e-07;'2.2193637898299783e-07
538;'2.689999999999965;'-2.697659010530267e-07;'2.1917341757773825e-07
539;'2.6949999999999648;'-2.5941740648595317e-07;'2.163746004993841e-07
540;'2.6999999999999647;'-2.494386751671697e-07;'2.1354452839501178e-07
541;'2.7049999999999645;'-2.3981713194372007e-07;'2.1068756204936896e-07
542;'2.7099999999999644;'-2.3054061332494333e-07;'2.078078324385726e-07
543;'2.7149999999999643;'-2.2159735442862864e-07;'2.049092504046305e-07
544;'2.7199999999999642;'-2.129759763295257e-07;'2.019955159641831e-07
545;'2.724999999999964;'-2.04665473798136e-07;'1.9907012726441005e-07
546;'2.729999999999964;'-1.9665520341806434e-07;'1.9613638919860925e-07
547;'2.734999999999964;'-1.8893487207055255e-07;'1.931974216935329e-07
548;'2.739999999999964;'-1.814945257751496e-07;'1.9025616768015626e-07
549;'2.7449999999999637;'-1.743245388757969e-07;'1.87315400759159e-07
550;'2.7499999999999636;'-1.6741560356192103e-07;'1.8437773257201609e-07
551;'2.7549999999999635;'-1.6075871971443185e-07;'1.81445619888225e-07
552;'2.7599999999999634;'-1.5434518506682056e-07;'1.7852137141883787e-07
553;'2.7649999999999633;'-1.481665856718403e-07;'1.7560715436612048e-07
554;'2.769999999999963;'-1.4221478666453197e-07;'1.7270500071882526e-07
555;'2.774999999999963;'-1.364819233126295e-07;'1.6981681330224079e-07
556;'2.779999999999963;'-1.3096039234564357e-07;'1.669443715918678e-07
557;'2.784999999999963;'-1.2564284355417869e-07;'1.6408933729926723e-07
558;'2.7899999999999627;'-1.2052217165128796e-07;'1.6125325973833396e-07
559;'2.7949999999999626;'-1.1559150838791213e-07;'1.584375809799654e-07
560;'2.7999999999999625;'-1.1084421491468415e-07;'1.5564364080282074e-07
561;'2.8049999999999624;'-1.062738743826093e-07;'1.5287268144760085e-07
562;'2.8099999999999623;'-1.018742847753522e-07;'1.50125852182023e-07
563;'2.814999999999962;'-9.763945196607782e-08;'1.474042136834167e-07
564;'2.819999999999962;'-9.356358299200235e-08;'1.4470874224562676e-07
565;'2.824999999999962;'-8.964107954001337e-08;'1.4204033381667913e-07
566;'2.829999999999962;'-8.58665316369154e-08;'1.3939980787343981e-07
567;'2.8349999999999618;'-8.223471153804919e-08;'1.3678791113928153e-07
568;'2.8399999999999617;'-7.874056780821841e-08;'1.3420532115056318e-07
569;'2.8449999999999616;'-7.537921958903851e-08;'1.3165264967752476e-07
570;'2.8499999999999615;'-7.21459510469977e-08;'1.291304460050049e-07
571;'2.8549999999999613;'-6.903620599669031e-08;'1.2663920007819934e-07
572;'2.8599999999999612;'-6.604558269384811e-08;'1.241793455184952e-07
573;'2.864999999999961;'-6.316982879295586e-08;'1.2175126251424052e-07
574;'2.869999999999961;'-6.040483646439308e-08;'1.1935528059113652e-07
575;'2.874999999999961;'-5.7746637666195424e-08;'1.1699168126677624e-07
576;'2.879999999999961;'-5.519139956567601e-08;'1.1466070059369293e-07
577;'2.8849999999999607;'-5.273542010628971e-08;'1.1236253159512815e-07
578;'2.8899999999999606;'-5.0375123715261735e-08;'1.1009732659758034e-07
579;'2.8949999999999605;'-4.81070571476366e-08;'1.0786519946405098e-07
580;'2.8999999999999604;'-4.5927885462533696e-08;'1.0566622773176623e-07
581;'2.9049999999999603;'-4.38343881275227e-08;'1.0350045465801814e-07
582;'2.90999999999996;'-4.182345524715491e-08;'1.013678911776393e-07
583;'2.91499999999996;'-3.9892083911805875e-08;'9.926851777549985e-08
584;'2.91999999999996;'-3.8037374663100827e-08;'9.720228627729449e-08
585;'2.92499999999996;'-3.625652807230663e-08;'9.516912156177035e-08
586;'2.9299999999999597;'-3.4546841428183305e-08;'9.316892319743344e-08
587;'2.9349999999999596;'-3.290570553089412e-08;'9.120156700666245e-08
588;'2.9399999999999595;'-3.133060158867604e-08;'8.926690656005324e-08
589;'2.9449999999999594;'-2.981909821407223e-08;'8.736477460371548e-08
590;'2.9499999999999593;'-2.836884851662505e-08;'8.549498442214476e-08
591;'2.954999999999959;'-2.6977587289022212e-08;'8.36573311391984e-08
592;'2.959999999999959;'-2.5643128283779752e-08;'8.185159295961165e-08
593;'2.964999999999959;'-2.4363361577634254e-08;'8.007753235340234e-08
594;'2.969999999999959;'-2.313625102090258e-08;'7.833489718542674e-08
595;'2.974999999999959;'-2.195983176915071e-08;'7.662342179226662e-08
596;'2.9799999999999587;'-2.083220789459435e-08;'7.494282800854796e-08
597;'2.9849999999999586;'-1.975155007473233e-08;'7.329282614471493e-08
598;'2.9899999999999585;'-1.8716093355790128e-08;'7.167311591820827e-08
599;'2.9949999999999584;'-1.7724134988624735e-08;'7.008338733992571e-08
600;'2.9999999999999583;'-1.6774032334813776e-08;'6.852332155777281e-08
601;'3.0;'-1.5864200840721466e-08;'6.699259165904572e-08
